{
    "metrics": {
        "http_req_duration": {
            "med": 22.4789505,
            "max": 165.61066,
            "p(90)": 47.79391310000002,
            "p(95)": 58.76418765,
            "avg": 26.918411508214366,
            "min": 2.605791
        },
        "http_req_duration{expected_response:true}": {
            "max": 165.61066,
            "p(90)": 47.79391310000002,
            "p(95)": 58.76418765,
            "avg": 26.918411508214366,
            "min": 2.605791,
            "med": 22.4789505
        },
        "http_req_blocked": {
            "p(95)": 0.005452,
            "avg": 0.011602241469579286,
            "min": 0.002189,
            "med": 0.003608,
            "max": 19.243331,
            "p(90)": 0.004717
        },
        "http_req_sending": {
            "p(90)": 0.01938370000000001,
            "p(95)": 0.02293264999999999,
            "avg": 0.0178224278750677,
            "min": 0.00635,
            "med": 0.010272,
            "max": 18.632434
        },
        "http_req_waiting": {
            "p(90)": 47.12871350000005,
            "p(95)": 57.76518924999999,
            "avg": 26.458986116356684,
            "min": 2.418011,
            "med": 22.104715499999998,
            "max": 162.354694
        },
        "checks": {
            "fails": 0,
            "passes": 33234,
            "value": 1
        },
        "iterations": {
            "count": 11078,
            "rate": 737.3709089948095
        },
        "http_req_connecting": {
            "avg": 0.005425745802491424,
            "min": 0,
            "med": 0,
            "max": 4.141779,
            "p(90)": 0,
            "p(95)": 0
        },
        "http_req_tls_handshaking": {
            "min": 0,
            "med": 0,
            "max": 0,
            "p(90)": 0,
            "p(95)": 0,
            "avg": 0
        },
        "http_req_receiving": {
            "avg": 0.44160296398266785,
            "min": 0.02279,
            "med": 0.227602,
            "max": 24.249934,
            "p(90)": 0.6129004000000006,
            "p(95)": 1.5127753499999999
        },
        "data_received": {
            "rate": 310433.1526868148,
            "count": 4663838
        },
        "iteration_duration": {
            "max": 170.725593,
            "p(90)": 47.97068910000001,
            "p(95)": 58.89955979999998,
            "avg": 27.082174500631982,
            "min": 2.700034,
            "med": 22.646601500000003
        },
        "data_sent": {
            "count": 897318,
            "rate": 59727.043628579566
        },
        "vus": {
            "value": 20,
            "min": 20,
            "max": 20
        },
        "http_req_failed": {
            "passes": 0,
            "fails": 11078,
            "value": 0
        },
        "http_reqs": {
            "rate": 737.3709089948095,
            "count": 11078
        },
        "vus_max": {
            "value": 20,
            "min": 20,
            "max": 20
        }
    },
    "root_group": {
        "name": "",
        "path": "",
        "id": "d41d8cd98f00b204e9800998ecf8427e",
        "groups": {},
        "checks": {
                "status 200": {
                    "name": "status 200",
                    "path": "::status 200",
                    "id": "fad9fa412b86fcb03bee97c80dcd61f1",
                    "passes": 11078,
                    "fails": 0
                },
                "ok true": {
                    "name": "ok true",
                    "path": "::ok true",
                    "id": "d8f5579cdd98f9df96c8478b1fc9790b",
                    "passes": 11078,
                    "fails": 0
                },
                "has workerId": {
                    "path": "::has workerId",
                    "id": "3d9ab3ec30def311c1d5070220315b8d",
                    "passes": 11078,
                    "fails": 0,
                    "name": "has workerId"
                }
            }
    }
}