{
    "metrics": {
        "http_req_duration": {
            "avg": 32.00153001641806,
            "min": 5.154661,
            "med": 27.530663,
            "max": 203.494807,
            "p(90)": 54.020698,
            "p(95)": 65.11043210000001
        },
        "http_req_sending": {
            "avg": 0.0203654657152056,
            "min": 0.006384,
            "med": 0.010713,
            "max": 23.462449,
            "p(90)": 0.020069000000000004,
            "p(95)": 0.025374600000000004
        },
        "iterations": {
            "count": 9319,
            "rate": 620.2336274517046
        },
        "http_req_blocked": {
            "min": 0.0022,
            "med": 0.003773,
            "max": 6.078219,
            "p(90)": 0.005183,
            "p(95)": 0.005906,
            "avg": 0.008261301534499364
        },
        "http_req_tls_handshaking": {
            "p(95)": 0,
            "avg": 0,
            "min": 0,
            "med": 0,
            "max": 0,
            "p(90)": 0
        },
        "http_reqs": {
            "count": 9319,
            "rate": 620.2336274517046
        },
        "http_req_duration{expected_response:true}": {
            "p(90)": 54.020698,
            "p(95)": 65.11043210000001,
            "avg": 32.00153001641806,
            "min": 5.154661,
            "med": 27.530663,
            "max": 203.494807
        },
        "http_req_failed": {
            "passes": 0,
            "fails": 9319,
            "value": 0
        },
        "data_sent": {
            "count": 754839,
            "rate": 50238.92382358807
        },
        "vus": {
            "value": 20,
            "min": 20,
            "max": 20
        },
        "http_req_waiting": {
            "med": 26.495228,
            "max": 198.309224,
            "p(90)": 52.458979000000014,
            "p(95)": 63.42033560000001,
            "avg": 30.934115223200006,
            "min": 4.696568
        },
        "http_req_connecting": {
            "avg": 0.0025502577529777867,
            "min": 0,
            "med": 0,
            "max": 6.03636,
            "p(90)": 0,
            "p(95)": 0
        },
        "http_req_receiving": {
            "avg": 1.047049327502952,
            "min": 0.023069,
            "med": 0.5921,
            "max": 32.877188,
            "p(90)": 2.1462004000000006,
            "p(95)": 3.3885347000000015
        },
        "iteration_duration": {
            "p(90)": 54.26667580000003,
            "p(95)": 65.50195220000002,
            "avg": 32.20296689333618,
            "min": 5.290428,
            "med": 27.748376,
            "max": 203.636224
        },
        "vus_max": {
            "value": 20,
            "min": 20,
            "max": 20
        },
        "data_received": {
            "count": 11466112,
            "rate": 763136.413620294
        },
        "checks": {
            "passes": 37276,
            "fails": 0,
            "value": 1
        }
    },
    "root_group": {
        "name": "",
        "path": "",
        "id": "d41d8cd98f00b204e9800998ecf8427e",
        "groups": {},
        "checks": {
                "status 200": {
                    "name": "status 200",
                    "path": "::status 200",
                    "id": "fad9fa412b86fcb03bee97c80dcd61f1",
                    "passes": 9319,
                    "fails": 0
                },
                "ok true": {
                    "name": "ok true",
                    "path": "::ok true",
                    "id": "d8f5579cdd98f9df96c8478b1fc9790b",
                    "passes": 9319,
                    "fails": 0
                },
                "has workerId": {
                    "name": "has workerId",
                    "path": "::has workerId",
                    "id": "3d9ab3ec30def311c1d5070220315b8d",
                    "passes": 9319,
                    "fails": 0
                },
                "has redis": {
                    "fails": 0,
                    "name": "has redis",
                    "path": "::has redis",
                    "id": "fc70956783d581310d1f229c95e083c6",
                    "passes": 9319
                }
            }
    }
}