{
 "metrics": {
 "http_req_duration{expected_response:true}": {
 "avg": 30.07946680575464,
 "min": 4.035427,
 "med": 26.587334,
 "max": 197.318699,
 "p(90)": 51.1003422,
 "p(95)": 61.164777199999996
 },
 "iterations": {
 "count": 9905,
 "rate": 659.2526893575009
 },
 "data_sent": {
 "count": 802305,
 "rate": 53399.46783795758
 },
 "data_received": {
 "count": 12186777,
 "rate": 811122.2122009224
 },
 "http_req_sending": {
 "min": 0.006353,
 "med": 0.010453,
 "max": 2.245377,
 "p(90)": 0.01956,
 "p(95)": 0.02370859999999999,
 "avg": 0.016021337607269037
 },
 "http_req_tls_handshaking": {
 "p(95)": 0,
 "avg": 0,
 "min": 0,
 "med": 0,
 "max": 0,
 "p(90)": 0
 },
 "iteration_duration": {
 "p(90)": 51.2918682,
 "p(95)": 61.38182939999999,
 "avg": 30.29087568490664,
 "min": 4.148185,
 "med": 26.781946,
 "max": 200.577927
 },
 "http_req_connecting": {
 "avg": 0.003349730338213023,
 "min": 0,
 "med": 0,
 "max": 3.529756,
 "p(90)": 0,
 "p(95)": 0
 },
 "http_req_duration": {
 "min": 4.035427,
 "med": 26.587334,
 "max": 197.318699,
 "p(90)": 51.1003422,
 "p(95)": 61.164777199999996,
 "avg": 30.07946680575464
 },
 "http_req_failed": {
 "passes": 0,
 "fails": 9905,
 "value": 0
 },
 "http_req_blocked": {
 "max": 4.432662,
 "p(90)": 0.004927,
 "p(95)": 0.005719199999999994,
 "avg": 0.009450239777889965,
 "min": 0.002128,
 "med": 0.003653
 },
 "http_req_receiving": {
 "avg": 1.056740082685513,
 "min": 0.022283,
 "med": 0.552067,
 "max": 33.727144,
 "p(90)": 1.974347800000001,
 "p(95)": 3.095270599999998
 },
 "vus_max": {
 "value": 20,
 "min": 20,
 "max": 20
 },
 "http_req_waiting": {
 "avg": 29.006705385461792,
 "min": 3.791569,
 "med": 25.254075,
 "max": 194.758347,
 "p(90)": 49.67224960000001,
 "p(95)": 59.690380199999986
 },
 "http_reqs": {
 "count": 9905,
 "rate": 659.2526893575009
 },
 "vus": {
 "value": 20,
 "min": 20,
 "max": 20
 },
 "checks": {
 "passes": 39620,
 "fails": 0,
 "value": 1
 }
 },
 "root_group": {
 "checks": {
 "status 200": {
 "passes": 9905,
 "fails": 0,
 "name": "status 200",
 "path": "::status 200",
 "id": "fad9fa412b86fcb03bee97c80dcd61f1"
 },
 "ok true": {
 "passes": 9905,
 "fails": 0,
 "name": "ok true",
 "path": "::ok true",
 "id": "d8f5579cdd98f9df96c8478b1fc9790b"
 },
 "has workerId": {
 "fails": 0,
 "name": "has workerId",
 "path": "::has workerId",
 "id": "3d9ab3ec30def311c1d5070220315b8d",
 "passes": 9905
 },
 "has redis": {
 "passes": 9905,
 "fails": 0,
 "name": "has redis",
 "path": "::has redis",
 "id": "fc70956783d581310d1f229c95e083c6"
 }
 },
 "name": "",
 "path": "",
 "id": "d41d8cd98f00b204e9800998ecf8427e",
 "groups": {}
 }
}