{
    "root_group": {
        "name": "",
        "path": "",
        "id": "d41d8cd98f00b204e9800998ecf8427e",
        "groups": {},
        "checks": {
                "status 200": {
                    "id": "fad9fa412b86fcb03bee97c80dcd61f1",
                    "passes": 8691,
                    "fails": 0,
                    "name": "status 200",
                    "path": "::status 200"
                },
                "ok true": {
                    "name": "ok true",
                    "path": "::ok true",
                    "id": "d8f5579cdd98f9df96c8478b1fc9790b",
                    "passes": 8691,
                    "fails": 0
                },
                "has workerId": {
                    "id": "3d9ab3ec30def311c1d5070220315b8d",
                    "passes": 8691,
                    "fails": 0,
                    "name": "has workerId",
                    "path": "::has workerId"
                },
                "has redis": {
                    "fails": 0,
                    "name": "has redis",
                    "path": "::has redis",
                    "id": "fc70956783d581310d1f229c95e083c6",
                    "passes": 8691
                }
            }
    },
    "metrics": {
        "http_req_failed": {
            "passes": 0,
            "fails": 8691,
            "value": 0
        },
        "iteration_duration": {
            "max": 220.372514,
            "p(90)": 58.342692,
            "p(95)": 70.094874,
            "avg": 34.51925088217678,
            "min": 4.33438,
            "med": 30.516019
        },
        "vus_max": {
            "value": 20,
            "min": 20,
            "max": 20
        },
        "data_sent": {
            "count": 703971,
            "rate": 46874.26793601623
        },
        "http_req_connecting": {
            "med": 0,
            "max": 10.169748,
            "p(90)": 0,
            "p(95)": 0,
            "avg": 0.0024718244160625933,
            "min": 0
        },
        "http_req_waiting": {
            "avg": 33.138243705672345,
            "min": 3.853344,
            "med": 29.259243,
            "max": 219.354879,
            "p(90)": 56.286865,
            "p(95)": 67.77874399999999
        },
        "http_req_blocked": {
            "max": 18.134785,
            "p(90)": 0.005162,
            "p(95)": 0.0059725,
            "avg": 0.012043592912207994,
            "min": 0.002223,
            "med": 0.003724
        },
        "http_req_receiving": {
            "p(90)": 2.226702,
            "p(95)": 3.4873405,
            "avg": 1.157599167874813,
            "min": 0.023585,
            "med": 0.655386,
            "max": 33.722165
        },
        "http_reqs": {
            "count": 8691,
            "rate": 578.6946658767436
        },
        "checks": {
            "passes": 34764,
            "fails": 0,
            "value": 1
        },
        "http_req_duration": {
            "med": 30.317641,
            "max": 220.216787,
            "p(90)": 58.120745,
            "p(95)": 69.86196749999999,
            "avg": 34.314055994822304,
            "min": 4.193365
        },
        "iterations": {
            "count": 8691,
            "rate": 578.6946658767436
        },
        "vus": {
            "value": 20,
            "min": 20,
            "max": 20
        },
        "data_received": {
            "count": 6356766,
            "rate": 423268.5049392065
        },
        "http_req_duration{expected_response:true}": {
            "p(95)": 69.86196749999999,
            "avg": 34.314055994822304,
            "min": 4.193365,
            "med": 30.317641,
            "max": 220.216787,
            "p(90)": 58.120745
        },
        "http_req_tls_handshaking": {
            "avg": 0,
            "min": 0,
            "med": 0,
            "max": 0,
            "p(90)": 0,
            "p(95)": 0
        },
        "http_req_sending": {
            "avg": 0.018213121274882022,
            "min": 0.006447,
            "med": 0.010523,
            "max": 15.711632,
            "p(90)": 0.01996,
            "p(95)": 0.025298
        }
    }
}